model,best_val_acc,test_acc,inference_time_ms,num_classes
resnet,67.59776536312849,66.46256610075146,8.948684767232841,34
