model,best_val_acc,test_acc,inference_time_ms,num_classes
mobilenet,69.60893854748603,68.07681603117173,5.6363903908818465,34
